<?xml version="1.0" encoding="UTF-8" standalone="no"?>
<project default="create_run_jar" name="Create Runnable Jar for Project config_server">
    <!--this file was created by Eclipse Runnable JAR Export Wizard-->
    <!--ANT 1.7 is required                                        -->
    <!--define folder properties-->
    <property name="dir.buildfile" value="."/>
    <property name="dir.workspace" value="C:/Users/dz/workspace"/>
    <property name="dir.jarfile" value="${dir.buildfile}"/>
    <target name="create_run_jar">
        <jar destfile="${dir.jarfile}/ConfigServer.jar" filesetmanifest="mergewithoutmain">
            <manifest>
                <attribute name="Main-Class" value="ru.dz.mqtt_udp.config_server.ConfigServerMain"/>
                <attribute name="Class-Path" value="."/>
            </manifest>
            <fileset dir="${dir.jarfile}/bin"/>
            <fileset dir="../../lang/java/target/classes"/>
        </jar>
    </target>
</project>
